extra_event_id,type,url,name,description
1,BLOG,http://devhub.com/phasellus/in.jpg?ante=semper&ipsum=porta&primis=volutpat&in=quam&faucibus=pede&orci=lobortis&luctus=ligula&et=sit&ultrices=amet&posuere=eleifend,Cochlearia L.,Drug abuse NEC-contin
2,BLOG,http://amazon.de/diam/erat/fermentum.jsp?vulputate=imperdiet&ut=sapien&ultrices=urna&vel=pretium&augue=nisl&vestibulum=ut&ante=volutpat&ipsum=sapien&primis=arcu&in=sed&faucibus=augue&orci=aliquam&luctus=erat&et=volutpat&ultrices=in&posuere=congue&cubilia=etiam&curae=justo&donec=etiam&pharetra=pretium&magna=iaculis&vestibulum=justo&aliquet=in&ultrices=hac&erat=habitasse&tortor=platea&sollicitudin=dictumst&mi=etiam&sit=faucibus&amet=cursus&lobortis=urna&sapien=ut&sapien=tellus&non=nulla&mi=ut&integer=erat&ac=id&neque=mauris&duis=vulputate&bibendum=elementum&morbi=nullam&non=varius&quam=nulla&nec=facilisi&dui=cras&luctus=non&rutrum=velit&nulla=nec&tellus=nisi&in=vulputate&sagittis=nonummy&dui=maecenas&vel=tincidunt&nisl=lacus&duis=at&ac=velit&nibh=vivamus&fusce=vel&lacus=nulla&purus=eget&aliquet=eros&at=elementum&feugiat=pellentesque&non=quisque&pretium=porta&quis=volutpat&lectus=erat&suspendisse=quisque&potenti=erat&in=eros&eleifend=viverra&quam=eget&a=congue&odio=eget&in=semper&hac=rutrum&habitasse=nulla&platea=nunc&dictumst=purus&maecenas=phasellus&ut=in&massa=felis&quis=donec&augue=semper&luctus=sapien&tincidunt=a&nulla=libero&mollis=nam&molestie=dui&lorem=proin&quisque=leo&ut=odio&erat=porttitor&curabitur=id&gravida=consequat&nisi=in&at=consequat&nibh=ut&in=nulla,Eriogonum umbellatum Torr. var. deserticum Reveal,Ataxia
3,BLOG,https://xinhuanet.com/magnis/dis/parturient/montes/nascetur/ridiculus/mus.html?libero=donec&nullam=diam&sit=neque&amet=vestibulum&turpis=eget&elementum=vulputate&ligula=ut&vehicula=ultrices&consequat=vel&morbi=augue&a=vestibulum&ipsum=ante&integer=ipsum&a=primis&nibh=in&in=faucibus&quis=orci&justo=luctus&maecenas=et&rhoncus=ultrices&aliquam=posuere&lacus=cubilia&morbi=curae&quis=donec&tortor=pharetra&id=magna&nulla=vestibulum&ultrices=aliquet&aliquet=ultrices&maecenas=erat&leo=tortor&odio=sollicitudin&condimentum=mi&id=sit&luctus=amet&nec=lobortis&molestie=sapien&sed=sapien&justo=non&pellentesque=mi&viverra=integer&pede=ac&ac=neque&diam=duis&cras=bibendum&pellentesque=morbi&volutpat=non&dui=quam&maecenas=nec&tristique=dui&est=luctus&et=rutrum&tempus=nulla&semper=tellus&est=in&quam=sagittis&pharetra=dui&magna=vel&ac=nisl&consequat=duis&metus=ac&sapien=nibh&ut=fusce&nunc=lacus&vestibulum=purus&ante=aliquet&ipsum=at&primis=feugiat&in=non&faucibus=pretium&orci=quis&luctus=lectus&et=suspendisse,Arenaria congesta Nutt. var. charlestonensis Maguire,Perinat GI sys dis NEC
4,BLOG,https://barnesandnoble.com/morbi.xml?suspendisse=imperdiet&potenti=sapien&in=urna&eleifend=pretium&quam=nisl&a=ut&odio=volutpat&in=sapien&hac=arcu&habitasse=sed&platea=augue&dictumst=aliquam&maecenas=erat&ut=volutpat&massa=in&quis=congue&augue=etiam&luctus=justo&tincidunt=etiam&nulla=pretium&mollis=iaculis&molestie=justo&lorem=in&quisque=hac&ut=habitasse&erat=platea&curabitur=dictumst&gravida=etiam&nisi=faucibus&at=cursus&nibh=urna&in=ut&hac=tellus&habitasse=nulla&platea=ut&dictumst=erat&aliquam=id&augue=mauris&quam=vulputate&sollicitudin=elementum&vitae=nullam&consectetuer=varius,Pertusaria tetrathalamia (FÃ©e) Nyl.,"Cong hip sublux, bilat"
5,LIVE_SESSION,http://w3.org/laoreet/ut.js?in=ultrices&faucibus=posuere&orci=cubilia&luctus=curae&et=donec&ultrices=pharetra&posuere=magna&cubilia=vestibulum&curae=aliquet&donec=ultrices&pharetra=erat&magna=tortor&vestibulum=sollicitudin&aliquet=mi&ultrices=sit&erat=amet&tortor=lobortis&sollicitudin=sapien&mi=sapien&sit=non&amet=mi&lobortis=integer&sapien=ac&sapien=neque&non=duis&mi=bibendum&integer=morbi&ac=non&neque=quam&duis=nec&bibendum=dui&morbi=luctus&non=rutrum&quam=nulla&nec=tellus&dui=in&luctus=sagittis&rutrum=dui&nulla=vel&tellus=nisl&in=duis&sagittis=ac&dui=nibh&vel=fusce&nisl=lacus&duis=purus&ac=aliquet&nibh=at&fusce=feugiat&lacus=non&purus=pretium&aliquet=quis&at=lectus&feugiat=suspendisse&non=potenti&pretium=in&quis=eleifend&lectus=quam&suspendisse=a&potenti=odio&in=in&eleifend=hac&quam=habitasse&a=platea&odio=dictumst&in=maecenas&hac=ut&habitasse=massa&platea=quis&dictumst=augue&maecenas=luctus&ut=tincidunt&massa=nulla&quis=mollis&augue=molestie&luctus=lorem&tincidunt=quisque&nulla=ut&mollis=erat&molestie=curabitur&lorem=gravida&quisque=nisi&ut=at&erat=nibh&curabitur=in&gravida=hac&nisi=habitasse&at=platea&nibh=dictumst&in=aliquam&hac=augue&habitasse=quam&platea=sollicitudin&dictumst=vitae&aliquam=consectetuer&augue=eget&quam=rutrum&sollicitudin=at,Loxospora cismonica (Beltr.) Hafeller,Choledochlith/gb inf NEC
6,BLOG,http://google.com.br/libero.jpg?ipsum=ante&aliquam=vel&non=ipsum&mauris=praesent&morbi=blandit&non=lacinia&lectus=erat&aliquam=vestibulum&sit=sed&amet=magna&diam=at&in=nunc&magna=commodo,Launaea intybacea (Jacq.) P. Beauv.,Poisoning-blood product
7,BLOG,http://ask.com/libero/nullam.jpg?vitae=aliquam&ipsum=quis&aliquam=turpis&non=eget&mauris=elit&morbi=sodales&non=scelerisque&lectus=mauris,Heteropogon melanocarpus (Elliott) Elliott ex Benth.,Tubrclma sp cord-cult dx
8,LIVE_SESSION,https://stanford.edu/sem.aspx?tincidunt=at&lacus=nunc&at=commodo&velit=placerat&vivamus=praesent&vel=blandit&nulla=nam&eget=nulla&eros=integer&elementum=pede&pellentesque=justo&quisque=lacinia&porta=eget&volutpat=tincidunt&erat=eget&quisque=tempus&erat=vel&eros=pede&viverra=morbi&eget=porttitor&congue=lorem&eget=id&semper=ligula&rutrum=suspendisse&nulla=ornare&nunc=consequat&purus=lectus&phasellus=in&in=est&felis=risus&donec=auctor&semper=sed&sapien=tristique&a=in&libero=tempus&nam=sit&dui=amet&proin=sem&leo=fusce&odio=consequat&porttitor=nulla&id=nisl&consequat=nunc&in=nisl&consequat=duis&ut=bibendum&nulla=felis&sed=sed&accumsan=interdum&felis=venenatis&ut=turpis&at=enim&dolor=blandit&quis=mi&odio=in&consequat=porttitor&varius=pede&integer=justo&ac=eu&leo=massa&pellentesque=donec&ultrices=dapibus&mattis=duis&odio=at&donec=velit&vitae=eu&nisi=est&nam=congue&ultrices=elementum&libero=in&non=hac&mattis=habitasse&pulvinar=platea&nulla=dictumst&pede=morbi&ullamcorper=vestibulum&augue=velit&a=id&suscipit=pretium&nulla=iaculis&elit=diam&ac=erat&nulla=fermentum&sed=justo&vel=nec&enim=condimentum&sit=neque&amet=sapien&nunc=placerat&viverra=ante&dapibus=nulla&nulla=justo&suscipit=aliquam&ligula=quis&in=turpis&lacus=eget&curabitur=elit&at=sodales&ipsum=scelerisque,Sesbania tomentosa Hook. & Arn.,Reiter arthritis-forearm
9,BLOG,http://adobe.com/suspendisse/potenti/cras/in/purus/eu/magna.html?fermentum=condimentum&donec=id&ut=luctus&mauris=nec&eget=molestie&massa=sed&tempor=justo&convallis=pellentesque&nulla=viverra&neque=pede&libero=ac&convallis=diam&eget=cras&eleifend=pellentesque&luctus=volutpat&ultricies=dui&eu=maecenas&nibh=tristique&quisque=est&id=et&justo=tempus&sit=semper&amet=est&sapien=quam&dignissim=pharetra&vestibulum=magna&vestibulum=ac&ante=consequat&ipsum=metus&primis=sapien&in=ut&faucibus=nunc&orci=vestibulum&luctus=ante&et=ipsum&ultrices=primis&posuere=in&cubilia=faucibus&curae=orci&nulla=luctus&dapibus=et&dolor=ultrices&vel=posuere&est=cubilia&donec=curae&odio=mauris&justo=viverra&sollicitudin=diam,Ananas comosus (L.) Merr.,Fet grwth ret 1500-1749g
10,LIVE_SESSION,http://patch.com/blandit/mi/in/porttitor/pede/justo.xml?mollis=tincidunt&molestie=lacus&lorem=at&quisque=velit&ut=vivamus&erat=vel&curabitur=nulla&gravida=eget&nisi=eros&at=elementum&nibh=pellentesque&in=quisque&hac=porta&habitasse=volutpat&platea=erat,Syagrus romanzoffiana (Cham.) Glassman,Osteochondropathy NEC
11,BLOG,http://last.fm/volutpat/in/congue/etiam/justo/etiam.html?pharetra=eu&magna=nibh&ac=quisque&consequat=id&metus=justo&sapien=sit&ut=amet&nunc=sapien&vestibulum=dignissim&ante=vestibulum&ipsum=vestibulum&primis=ante&in=ipsum&faucibus=primis&orci=in&luctus=faucibus&et=orci&ultrices=luctus&posuere=et&cubilia=ultrices&curae=posuere&mauris=cubilia&viverra=curae&diam=nulla&vitae=dapibus&quam=dolor&suspendisse=vel&potenti=est&nullam=donec&porttitor=odio&lacus=justo&at=sollicitudin&turpis=ut&donec=suscipit&posuere=a&metus=feugiat&vitae=et&ipsum=eros&aliquam=vestibulum&non=ac&mauris=est&morbi=lacinia&non=nisi&lectus=venenatis&aliquam=tristique&sit=fusce&amet=congue&diam=diam&in=id&magna=ornare&bibendum=imperdiet&imperdiet=sapien&nullam=urna&orci=pretium&pede=nisl&venenatis=ut&non=volutpat&sodales=sapien&sed=arcu&tincidunt=sed&eu=augue&felis=aliquam&fusce=erat&posuere=volutpat&felis=in&sed=congue&lacus=etiam&morbi=justo&sem=etiam&mauris=pretium&laoreet=iaculis&ut=justo&rhoncus=in&aliquet=hac&pulvinar=habitasse&sed=platea&nisl=dictumst&nunc=etiam&rhoncus=faucibus&dui=cursus&vel=urna&sem=ut&sed=tellus&sagittis=nulla&nam=ut&congue=erat&risus=id&semper=mauris&porta=vulputate&volutpat=elementum&quam=nullam&pede=varius&lobortis=nulla,Stachys eplingii J.B. Nelson,Prolonged preg-antepar
12,BLOG,https://comsenz.com/in.png?enim=in,Caesalpinia sappan L.,Radiotherapy convalescen
13,BLOG,http://salon.com/parturient/montes/nascetur/ridiculus/mus/vivamus.jpg?diam=vestibulum&id=quam&ornare=sapien&imperdiet=varius&sapien=ut&urna=blandit&pretium=non&nisl=interdum&ut=in&volutpat=ante&sapien=vestibulum&arcu=ante&sed=ipsum&augue=primis&aliquam=in&erat=faucibus&volutpat=orci&in=luctus&congue=et&etiam=ultrices&justo=posuere&etiam=cubilia&pretium=curae&iaculis=duis&justo=faucibus&in=accumsan&hac=odio,Cynanchum cheesmanii Woodson,Extraocul muscl myopathy
14,BLOG,http://furl.net/tellus/semper/interdum/mauris/ullamcorper/purus.html?nibh=rhoncus&quisque=mauris&id=enim&justo=leo&sit=rhoncus&amet=sed&sapien=vestibulum&dignissim=sit&vestibulum=amet&vestibulum=cursus&ante=id&ipsum=turpis&primis=integer&in=aliquet&faucibus=massa&orci=id&luctus=lobortis&et=convallis&ultrices=tortor&posuere=risus&cubilia=dapibus&curae=augue&nulla=vel&dapibus=accumsan&dolor=tellus&vel=nisi&est=eu&donec=orci&odio=mauris&justo=lacinia&sollicitudin=sapien&ut=quis&suscipit=libero&a=nullam&feugiat=sit&et=amet&eros=turpis&vestibulum=elementum&ac=ligula&est=vehicula&lacinia=consequat&nisi=morbi&venenatis=a&tristique=ipsum&fusce=integer&congue=a&diam=nibh&id=in&ornare=quis&imperdiet=justo&sapien=maecenas&urna=rhoncus,Hamelia patens Jacq.,Battering by child
15,BLOG,http://springer.com/sollicitudin/vitae.jsp?luctus=non&cum=sodales&sociis=sed&natoque=tincidunt&penatibus=eu&et=felis&magnis=fusce&dis=posuere&parturient=felis&montes=sed&nascetur=lacus&ridiculus=morbi&mus=sem&vivamus=mauris&vestibulum=laoreet&sagittis=ut&sapien=rhoncus&cum=aliquet&sociis=pulvinar&natoque=sed&penatibus=nisl&et=nunc&magnis=rhoncus&dis=dui&parturient=vel&montes=sem&nascetur=sed&ridiculus=sagittis&mus=nam&etiam=congue&vel=risus&augue=semper&vestibulum=porta&rutrum=volutpat&rutrum=quam&neque=pede&aenean=lobortis&auctor=ligula&gravida=sit&sem=amet,Helianthemum scoparium Nutt.,Schmorls node-lumbar
16,LIVE_SESSION,http://blogger.com/nulla/suscipit/ligula.html?sit=eget&amet=congue&turpis=eget&elementum=semper&ligula=rutrum&vehicula=nulla&consequat=nunc&morbi=purus&a=phasellus&ipsum=in&integer=felis&a=donec&nibh=semper&in=sapien&quis=a&justo=libero&maecenas=nam&rhoncus=dui&aliquam=proin&lacus=leo&morbi=odio&quis=porttitor&tortor=id&id=consequat&nulla=in&ultrices=consequat&aliquet=ut&maecenas=nulla&leo=sed&odio=accumsan&condimentum=felis&id=ut&luctus=at&nec=dolor&molestie=quis&sed=odio&justo=consequat&pellentesque=varius&viverra=integer&pede=ac&ac=leo&diam=pellentesque&cras=ultrices&pellentesque=mattis,Suaeda moquinii (Torr.) Greene,Malig neo skin lip NEC
17,BLOG,https://usa.gov/commodo/placerat/praesent/blandit/nam/nulla/integer.jpg?in=est&porttitor=risus&pede=auctor&justo=sed&eu=tristique&massa=in&donec=tempus&dapibus=sit&duis=amet&at=sem&velit=fusce&eu=consequat&est=nulla&congue=nisl&elementum=nunc&in=nisl&hac=duis&habitasse=bibendum&platea=felis&dictumst=sed&morbi=interdum&vestibulum=venenatis&velit=turpis&id=enim&pretium=blandit&iaculis=mi&diam=in&erat=porttitor&fermentum=pede&justo=justo&nec=eu&condimentum=massa&neque=donec&sapien=dapibus&placerat=duis&ante=at&nulla=velit&justo=eu&aliquam=est&quis=congue&turpis=elementum,Polytrichum formosum Hedw.,Toxic effect beryllium
18,BLOG,https://un.org/ac/nibh/fusce/lacus/purus/aliquet.json?integer=tellus&ac=semper&leo=interdum&pellentesque=mauris&ultrices=ullamcorper&mattis=purus&odio=sit&donec=amet&vitae=nulla&nisi=quisque&nam=arcu&ultrices=libero&libero=rutrum&non=ac&mattis=lobortis&pulvinar=vel&nulla=dapibus,Commelina virginica L.,Asympt postmeno status
19,LIVE_SESSION,https://cnn.com/magnis/dis/parturient/montes.png?pede=leo&posuere=rhoncus&nonummy=sed&integer=vestibulum&non=sit&velit=amet&donec=cursus&diam=id&neque=turpis&vestibulum=integer&eget=aliquet&vulputate=massa&ut=id&ultrices=lobortis&vel=convallis&augue=tortor&vestibulum=risus&ante=dapibus&ipsum=augue&primis=vel&in=accumsan&faucibus=tellus&orci=nisi&luctus=eu&et=orci&ultrices=mauris&posuere=lacinia&cubilia=sapien&curae=quis&donec=libero&pharetra=nullam&magna=sit&vestibulum=amet&aliquet=turpis&ultrices=elementum&erat=ligula&tortor=vehicula,Cyrtandra grandiflora Gaudich.,Mgrn NOS w ntrc w st mgr
20,BLOG,https://bigcartel.com/ligula/in/lacus/curabitur/at.jpg?aliquet=turpis&ultrices=enim&erat=blandit&tortor=mi&sollicitudin=in&mi=porttitor&sit=pede&amet=justo&lobortis=eu&sapien=massa&sapien=donec&non=dapibus&mi=duis&integer=at&ac=velit&neque=eu&duis=est&bibendum=congue&morbi=elementum&non=in&quam=hac&nec=habitasse&dui=platea&luctus=dictumst&rutrum=morbi&nulla=vestibulum&tellus=velit&in=id&sagittis=pretium&dui=iaculis&vel=diam&nisl=erat&duis=fermentum&ac=justo&nibh=nec&fusce=condimentum&lacus=neque&purus=sapien&aliquet=placerat&at=ante&feugiat=nulla&non=justo&pretium=aliquam&quis=quis&lectus=turpis&suspendisse=eget&potenti=elit&in=sodales&eleifend=scelerisque,Brodiaea matsonii R.E. Preston,Benign neoplasm prostate